<!-- Metody uslugi sieciowej BIR1 (alfabetycznie) --> 

<!-- DaneKomunikat ------------------------------------------------------------->
<soap:Envelope xmlns:soap="http://www.w3.org/2003/05/soap-envelope" xmlns:ns="http://CIS/BIR/PUBL/2014/07">
<soap:Header xmlns:wsa="http://www.w3.org/2005/08/addressing">
<wsa:To>https://wyszukiwarkaregontest.stat.gov.pl/wsBIR/UslugaBIRzewnPubl.svc</wsa:To>
<wsa:Action>http://CIS/BIR/PUBL/2014/07/IUslugaBIRzewnPubl/DaneKomunikat</wsa:Action>            
</soap:Header>
   <soap:Body>
      <ns:DaneKomunikat/>
   </soap:Body>
</soap:Envelope>
<!-- DanePobierzPelnyRaport ------------------------------------------------------------->
<soap:Envelope xmlns:soap="http://www.w3.org/2003/05/soap-envelope" xmlns:ns="http://CIS/BIR/PUBL/2014/07">
<soap:Header xmlns:wsa="http://www.w3.org/2005/08/addressing">
<wsa:To>https://wyszukiwarkaregontest.stat.gov.pl/wsBIR/UslugaBIRzewnPubl.svc</wsa:To>
<wsa:Action>http://CIS/BIR/PUBL/2014/07/IUslugaBIRzewnPubl/DanePobierzPelnyRaport</wsa:Action>            
</soap:Header>
  <soap:Body>
      <ns:DanePobierzPelnyRaport>
         <ns:pRegon>000331501</ns:pRegon>         
         <ns:pNazwaRaportu>PublDaneRaportPrawna</ns:pNazwaRaportu>
      </ns:DanePobierzPelnyRaport>
   </soap:Body>
</soap:Envelope>
<!-- DaneSzukaj ------------------------------------------------------------->
<soap:Envelope xmlns:soap="http://www.w3.org/2003/05/soap-envelope" xmlns:ns="http://CIS/BIR/PUBL/2014/07" xmlns:dat="http://CIS/BIR/PUBL/2014/07/DataContract">
   <soap:Header xmlns:wsa="http://www.w3.org/2005/08/addressing">
<wsa:To>https://wyszukiwarkaregontest.stat.gov.pl/wsBIR/UslugaBIRzewnPubl.svc</wsa:To>
<wsa:Action>http://CIS/BIR/PUBL/2014/07/IUslugaBIRzewnPubl/DaneSzukaj</wsa:Action>
</soap:Header>
   <soap:Body>
      <ns:DaneSzukaj>
         <ns:pParametryWyszukiwania>
            <!--Optional:-->
            <dat:Krs></dat:Krs>
            <!--Optional:-->
            <dat:Krsy></dat:Krsy>
            <!--Optional:-->
            <dat:Nip></dat:Nip>
            <!--Optional:-->
            <dat:Nipy></dat:Nipy>
            <!--Optional:-->
            <dat:Regon>142396858</dat:Regon>
            <!--Optional:-->
            <dat:Regony14zn></dat:Regony14zn>
            <!--Optional:-->
            <dat:Regony9zn></dat:Regony9zn>
         </ns:pParametryWyszukiwania>
      </ns:DaneSzukaj>
   </soap:Body>
</soap:Envelope>
<!-- GetValue ------------------------------------------------------------->
<soap:Envelope xmlns:soap="http://www.w3.org/2003/05/soap-envelope" xmlns:ns="http://CIS/BIR/2014/07">
<soap:Header xmlns:wsa="http://www.w3.org/2005/08/addressing">
<wsa:To>https://wyszukiwarkaregontest.stat.gov.pl/wsBIR/UslugaBIRzewnPubl.svc</wsa:To>
<wsa:Action>http://CIS/BIR/2014/07/IUslugaBIR/GetValue</wsa:Action>
</soap:Header>
   <soap:Body>
      <ns:GetValue>
         <ns:pNazwaParametru>StatusUslugi</ns:pNazwaParametru>
      </ns:GetValue>
   </soap:Body>
</soap:Envelope>
<!-- PobierzCaptcha ------------------------------------------------------------->
<soap:Envelope xmlns:soap="http://www.w3.org/2003/05/soap-envelope" xmlns:ns="http://CIS/BIR/2014/07">
   <soap:Header xmlns:wsa="http://www.w3.org/2005/08/addressing">
<wsa:To>https://wyszukiwarkaregontest.stat.gov.pl/wsBIR/UslugaBIRzewnPubl.svc</wsa:To>
<wsa:Action>http://CIS/BIR/2014/07/IUslugaBIR/PobierzCaptcha</wsa:Action>
</soap:Header>
   <soap:Body>
      <ns:PobierzCaptcha/>
   </soap:Body>
</soap:Envelope>
<!-- SprawdzCaptcha ------------------------------------------------------------->
<soap:Envelope xmlns:soap="http://www.w3.org/2003/05/soap-envelope" xmlns:ns="http://CIS/BIR/2014/07">
 <soap:Header xmlns:wsa="http://www.w3.org/2005/08/addressing">
<wsa:To>https://wyszukiwarkaregontest.stat.gov.pl/wsBIR/UslugaBIRzewnPubl.svc</wsa:To>
<wsa:Action>http://CIS/BIR/2014/07/IUslugaBIR/SprawdzCaptcha</wsa:Action>
</soap:Header>
   <soap:Body>
      <ns:SprawdzCaptcha>
         <ns:pCaptcha>aaaaa</ns:pCaptcha>
      </ns:SprawdzCaptcha>
   </soap:Body>
</soap:Envelope>
<!-- Wyloguj ------------------------------------------------------------->
<soap:Envelope xmlns:soap="http://www.w3.org/2003/05/soap-envelope" xmlns:ns="http://CIS/BIR/PUBL/2014/07">
<soap:Header xmlns:wsa="http://www.w3.org/2005/08/addressing">
<wsa:To>https://wyszukiwarkaregontest.stat.gov.pl/wsBIR/UslugaBIRzewnPubl.svc</wsa:To>
<wsa:Action>http://CIS/BIR/PUBL/2014/07/IUslugaBIRzewnPubl/Wyloguj</wsa:Action>
</soap:Header>
   <soap:Body>
      <ns:Wyloguj>
         <ns:pIdentyfikatorSesji>k4r3h2y8r6w5h4d4n7d4</ns:pIdentyfikatorSesji>
      </ns:Wyloguj>
   </soap:Body>
</soap:Envelope>
<!-- Zaloguj ------------------------------------------------------------->
<soap:Envelope xmlns:soap="http://www.w3.org/2003/05/soap-envelope" xmlns:ns="http://CIS/BIR/PUBL/2014/07">
<soap:Header xmlns:wsa="http://www.w3.org/2005/08/addressing">
<wsa:To>https://wyszukiwarkaregontest.stat.gov.pl/wsBIR/UslugaBIRzewnPubl.svc</wsa:To>
<wsa:Action>http://CIS/BIR/PUBL/2014/07/IUslugaBIRzewnPubl/Zaloguj</wsa:Action>
</soap:Header>
   <soap:Body>
      <ns:Zaloguj>
         <ns:pKluczUzytkownika>theUsersKey</ns:pKluczUzytkownika>
      </ns:Zaloguj>
   </soap:Body>
</soap:Envelope>
<!-- ------------------------------------------------------------->